734,2012/11/29,0,10109,130,群馬県などの国内産,ほうれん草,１袋,128,,,0
734,2012/11/29,0,10203,221901600000,栃木産,とちおとめ,１パック,498,,,0
734,2012/11/29,0,40399,289156200000,岩手県産,自家製　塩麹とんかつ,1枚,198,,,0
734,2012/11/29,0,40501,294504200000,広島県産,カキフライ弁当,1個,458,,,0
734,2012/11/29,0,40604,280700800000,,鉄火巻,1パック,480,,,0
734,2012/11/29,0,50106,250162300000,ヤマザキ,ケ−キのバイキング,1個,105,,,0
734,2012/11/29,0,60301,49377743,フレッシュ鶏卵,たまご （Ｍ）,10個入,99,目玉限定600パックお１人様２点限り,,0
734,2012/11/29,0,70201,4901160103173,タカノフーズ,おかめ豆腐木綿,2パック,98,,,0
734,2012/11/29,0,70201,4901160103180,タカノフーズ,おかめ豆腐絹,2パック,98,,,0
734,2012/11/29,0,80124,4901520403967,テーブルランド,たきたてご飯こしひかり100％,3パック,198,,,0
734,2012/11/29,0,80147,4902150120446,ニッスイ,焼さけあらほぐし,５７ｇｘ２,238,,,0
734,2012/11/29,0,10106,48,北海道産,玉ねぎ,4個,98,,,0
734,2012/11/30,0,10106,48,北海道産,玉ねぎ,4個,98,,,0
734,2012/11/29,0,10107,214800200000,鹿児島産,スナックエンドウ,1パック,138,,,0
734,2012/11/30,0,10107,214800200000,鹿児島産,スナックエンドウ,1パック,138,,,0
734,2012/11/29,0,10108,4580220480012,長野産,えのき茸,200ｇ入1袋,88,,,0
734,2012/11/30,0,10108,4580220480012,長野産,えのき茸,200ｇ入1袋,88,,,0
734,2012/11/29,0,20103,231638100000,オーストラリア産,輸入牛肩ロース切落とし,100ｇ,100,,お肉　１００円均一,0
734,2012/11/30,0,20103,231638100000,オーストラリア産,輸入牛肩ロース切落とし,100ｇ,100,,お肉　１００円均一,0
734,2012/11/29,0,20103,233302900000,スターゼン,サイコロステーキ （冷凍・成型肉）,100ｇ,100,,お肉　１００円均一,0
734,2012/11/30,0,20103,233302900000,スターゼン,サイコロステーキ （冷凍・成型肉）,100ｇ,100,,お肉　１００円均一,0
734,2012/11/29,0,20104,231951100000,岩手県産など,豚バラブロック,１００ｇ,100,,お肉　１００円均一,0
734,2012/11/30,0,20104,231951100000,岩手県産など,豚バラブロック,１００ｇ,100,,お肉　１００円均一,0
734,2012/11/29,0,20104,232262100000,岩手県産,ｓｐｆ豚小間切れ,100ｇ,100,,お肉　１００円均一,0
734,2012/11/30,0,20104,232262100000,岩手県産,ｓｐｆ豚小間切れ,100ｇ,100,,お肉　１００円均一,0
734,2012/11/29,0,20105,232600100000,国産,若鶏もも唐揚・水炊き用,１００ｇ,100,,お肉　１００円均一,0
734,2012/11/30,0,20105,232600100000,国産,若鶏もも唐揚・水炊き用,１００ｇ,100,,お肉　１００円均一,0
734,2012/11/29,0,20107,233620600000,国産,豚ひき肉,100ｇ,100,,お肉　１００円均一,0
734,2012/11/30,0,20107,233620600000,国産,豚ひき肉,100ｇ,100,,お肉　１００円均一,0
734,2012/11/29,0,20201,241201700000,プリマハム,ロースハム切落し,100ｇ,100,,お肉　１００円均一,0
734,2012/11/30,0,20201,241201700000,プリマハム,ロースハム切落し,100ｇ,100,,お肉　１００円均一,0
734,2012/11/29,0,30104,250504000000,,お刺身盛合せ,２点盛,398,,お魚　398円均一セール,0
734,2012/11/30,0,30104,250504000000,,お刺身盛合せ,２点盛,398,,お魚　398円均一セール,0
734,2012/11/29,0,30105,250703200000,北海道、三陸産,甘塩たら切身,3切入,398,,お魚　398円均一セール,0
734,2012/11/30,0,30105,250703200000,北海道、三陸産,甘塩たら切身,3切入,398,,お魚　398円均一セール,0
734,2012/11/29,0,30105,251100400000,北海道産、他,生秋鮭切身,3切,398,,お魚　398円均一セール,0
734,2012/11/30,0,30105,251100400000,北海道産、他,生秋鮭切身,3切,398,,お魚　398円均一セール,0
734,2012/11/29,0,30105,251101300000,ノルウェ-産,ノルウェーサーモン,2切,398,,お魚　398円均一セール,0
734,2012/11/30,0,30105,251101300000,ノルウェ-産,ノルウェーサーモン,2切,398,,お魚　398円均一セール,0
734,2012/11/29,0,30109,4532080010847,北海道産,ボイルほたて,1パック,398,,お魚　398円均一セール,0
734,2012/11/30,0,30109,4532080010847,北海道産,ボイルほたて,1パック,398,,お魚　398円均一セール,0
734,2012/11/29,0,30110,4980766213103,インドネシア産,ブラックタイガ−,10尾入,398,,お魚　398円均一セール,0
734,2012/11/30,0,30110,4980766213103,インドネシア産,ブラックタイガ−,10尾入,398,,お魚　398円均一セール,0
734,2012/11/29,0,30201,260900200000,長崎産,真あじ開き,3枚入,398,,お魚　398円均一セール,0
734,2012/11/30,0,30201,260900200000,長崎産,真あじ開き,3枚入,398,,お魚　398円均一セール,0
734,2012/11/29,0,70408,4978123313009,美山,イチオシキムチ（辛口）,よりどり2個,300,,よりどり２個300円,0
734,2012/11/30,0,70408,4978123313009,美山,イチオシキムチ（辛口）,よりどり2個,300,,よりどり２個300円,0
734,2012/11/29,0,70501,4901790031662,シマダヤ,手打ち式本うどん,よりどり2個,300,,よりどり２個300円,0
734,2012/11/30,0,70501,4901790031662,シマダヤ,手打ち式本うどん,よりどり2個,300,,よりどり２個300円,0
734,2012/11/29,0,70504,4901790009227,シマダヤ,本生ラーメン各種,よりどり2個,300,,よりどり２個300円,0
734,2012/11/30,0,70504,4901790009227,シマダヤ,本生ラーメン各種,よりどり2個,300,,よりどり２個300円,0
734,2012/11/29,0,70603,4901530167187,紀文,魚河岸あげ,よりどり2個,300,,よりどり２個300円,0
734,2012/11/30,0,70603,4901530167187,紀文,魚河岸あげ,よりどり2個,300,,よりどり２個300円,0
734,2012/11/29,0,70606,4902553014649,ふじっ子,さつまいも甘煮,よりどり2個,300,,よりどり２個300円,0
734,2012/11/30,0,70606,4902553014649,ふじっ子,さつまいも甘煮,よりどり2個,300,,よりどり２個300円,0
734,2012/11/29,0,70613,4901530069689,紀文,おでん一人前,よりどり2個,300,,よりどり２個300円,0
734,2012/11/30,0,70613,4901530069689,紀文,おでん一人前,よりどり2個,300,,よりどり２個300円,0
734,2012/11/29,0,70616,49850291,紀文,紀文肉ﾜﾝﾀﾝ,よりどり2個,300,,よりどり２個300円,0
734,2012/11/30,0,70616,49850291,紀文,紀文肉ﾜﾝﾀﾝ,よりどり2個,300,,よりどり２個300円,0
734,2012/11/29,0,20299,4902115011406,日本ハム,特蒸　チーズ焼売,８個入り,198,,日本ハムフェア,0
734,2012/11/30,0,20299,4902115011406,日本ハム,特蒸　チーズ焼売,８個入り,198,,日本ハムフェア,0
734,2012/12/1,0,20299,4902115011406,日本ハム,特蒸　チーズ焼売,８個入り,198,,日本ハムフェア,0
734,2012/12/2,0,20299,4902115011406,日本ハム,特蒸　チーズ焼売,８個入り,198,,日本ハムフェア,0
734,2012/11/29,0,20299,4902115011413,日本ハム,４種のチーズ肉まん,270ｇ,298,,日本ハムフェア,0
734,2012/11/30,0,20299,4902115011413,日本ハム,４種のチーズ肉まん,270ｇ,298,,日本ハムフェア,0
734,2012/12/1,0,20299,4902115011413,日本ハム,４種のチーズ肉まん,270ｇ,298,,日本ハムフェア,0
734,2012/12/2,0,20299,4902115011413,日本ハム,４種のチーズ肉まん,270ｇ,298,,日本ハムフェア,0
734,2012/11/29,0,20299,4902115023706,日本ハム,黒豚まん,270ｇ,298,,日本ハムフェア,0
734,2012/11/30,0,20299,4902115023706,日本ハム,黒豚まん,270ｇ,298,,日本ハムフェア,0
734,2012/12/1,0,20299,4902115023706,日本ハム,黒豚まん,270ｇ,298,,日本ハムフェア,0
734,2012/12/2,0,20299,4902115023706,日本ハム,黒豚まん,270ｇ,298,,日本ハムフェア,0
734,2012/11/29,0,20299,4902115102111,日本ハム,天津閣にら焼餅,８個入り,298,,日本ハムフェア,0
734,2012/11/30,0,20299,4902115102111,日本ハム,天津閣にら焼餅,８個入り,298,,日本ハムフェア,0
734,2012/12/1,0,20299,4902115102111,日本ハム,天津閣にら焼餅,８個入り,298,,日本ハムフェア,0
734,2012/12/2,0,20299,4902115102111,日本ハム,天津閣にら焼餅,８個入り,298,,日本ハムフェア,0
734,2012/11/29,0,20299,4902115178512,日本ハム,特蒸黒豚入り焼売,８個入り,198,,日本ハムフェア,0
734,2012/11/30,0,20299,4902115178512,日本ハム,特蒸黒豚入り焼売,８個入り,198,,日本ハムフェア,0
734,2012/12/1,0,20299,4902115178512,日本ハム,特蒸黒豚入り焼売,８個入り,198,,日本ハムフェア,0
734,2012/12/2,0,20299,4902115178512,日本ハム,特蒸黒豚入り焼売,８個入り,198,,日本ハムフェア,0
734,2012/11/29,0,20299,4902115178529,日本ハム,特蒸海老焼売,８個入り,198,,日本ハムフェア,0
734,2012/11/30,0,20299,4902115178529,日本ハム,特蒸海老焼売,８個入り,198,,日本ハムフェア,0
734,2012/12/1,0,20299,4902115178529,日本ハム,特蒸海老焼売,８個入り,198,,日本ハムフェア,0
734,2012/12/2,0,20299,4902115178529,日本ハム,特蒸海老焼売,８個入り,198,,日本ハムフェア,0
734,2012/11/29,0,20299,4902115206147,ニッポンハム,天津閣　豊潤肉まん,８個入り,298,,日本ハムフェア,0
734,2012/11/30,0,20299,4902115206147,ニッポンハム,天津閣　豊潤肉まん,８個入り,298,,日本ハムフェア,0
734,2012/12/1,0,20299,4902115206147,ニッポンハム,天津閣　豊潤肉まん,８個入り,298,,日本ハムフェア,0
734,2012/12/2,0,20299,4902115206147,ニッポンハム,天津閣　豊潤肉まん,８個入り,298,,日本ハムフェア,0
734,2012/11/29,0,20299,4902115225810,日本ハム,ふかひれ入りスープ餃子,１パック,298,,日本ハムフェア,0
734,2012/11/30,0,20299,4902115225810,日本ハム,ふかひれ入りスープ餃子,１パック,298,,日本ハムフェア,0
734,2012/12/1,0,20299,4902115225810,日本ハム,ふかひれ入りスープ餃子,１パック,298,,日本ハムフェア,0
734,2012/12/2,0,20299,4902115225810,日本ハム,ふかひれ入りスープ餃子,１パック,298,,日本ハムフェア,0
734,2012/11/29,0,60103,4908011521995,雪印メグミルク,CA鉄低脂肪,1000ｍｌ,138,,,0
734,2012/11/30,0,60103,4908011521995,雪印メグミルク,CA鉄低脂肪,1000ｍｌ,138,,,0
734,2012/12/1,0,60103,4908011521995,雪印メグミルク,CA鉄低脂肪,1000ｍｌ,138,,,0
734,2012/12/2,0,60103,4908011521995,雪印メグミルク,CA鉄低脂肪,1000ｍｌ,138,,,0
734,2012/11/29,0,60105,4901315201235,近藤乳業,まじめな果実果汁100％ジュース各種,1000ｍｌ,118,,,0
734,2012/11/30,0,60105,4901315201235,近藤乳業,まじめな果実果汁100％ジュース各種,1000ｍｌ,118,,,0
734,2012/12/1,0,60105,4901315201235,近藤乳業,まじめな果実果汁100％ジュース各種,1000ｍｌ,118,,,0
734,2012/12/2,0,60105,4901315201235,近藤乳業,まじめな果実果汁100％ジュース各種,1000ｍｌ,118,,,0
734,2012/11/29,0,60108,4903080128960,ヤクルト,ヤクルト,5パック,168,,,0
734,2012/11/30,0,60108,4903080128960,ヤクルト,ヤクルト,5パック,168,,,0
734,2012/12/1,0,60108,4903080128960,ヤクルト,ヤクルト,5パック,168,,,0
734,2012/12/2,0,60108,4903080128960,ヤクルト,ヤクルト,5パック,168,,,0
734,2012/11/29,0,60109,4930726000175,紀文,調整豆乳,１０００ｍｌ,198,,,0
734,2012/11/30,0,60109,4930726000175,紀文,調整豆乳,１０００ｍｌ,198,,,0
734,2012/12/1,0,60109,4930726000175,紀文,調整豆乳,１０００ｍｌ,198,,,0
734,2012/12/2,0,60109,4930726000175,紀文,調整豆乳,１０００ｍｌ,198,,,0
734,2012/11/29,0,60111,4908011600300,雪印メグミルク,牧場の朝ヨーグルト,3パック,88,,,0
734,2012/11/30,0,60111,4908011600300,雪印メグミルク,牧場の朝ヨーグルト,3パック,88,,,0
734,2012/12/1,0,60111,4908011600300,雪印メグミルク,牧場の朝ヨーグルト,3パック,88,,,0
734,2012/12/2,0,60111,4908011600300,雪印メグミルク,牧場の朝ヨーグルト,3パック,88,,,0
734,2012/11/29,0,60113,4902720056847,森永乳業,ビヒダスヨーグルト,450ｇ,148,,,0
734,2012/11/30,0,60113,4902720056847,森永乳業,ビヒダスヨーグルト,450ｇ,148,,,0
734,2012/12/1,0,60113,4902720056847,森永乳業,ビヒダスヨーグルト,450ｇ,148,,,0
734,2012/12/2,0,60113,4902720056847,森永乳業,ビヒダスヨーグルト,450ｇ,148,,,0
734,2012/11/29,0,60202,4902705104310,明治乳業,なめらかソフト,300ｇ,178,,,0
734,2012/11/30,0,60202,4902705104310,明治乳業,なめらかソフト,300ｇ,178,,,0
734,2012/12/1,0,60202,4902705104310,明治乳業,なめらかソフト,300ｇ,178,,,0
734,2012/12/2,0,60202,4902705104310,明治乳業,なめらかソフト,300ｇ,178,,,0
734,2012/11/29,0,60205,4901231901363,,キリクリームチーズ,18ｇX10,398,,,0
734,2012/11/30,0,60205,4901231901363,,キリクリームチーズ,18ｇX10,398,,,0
734,2012/12/1,0,60205,4901231901363,,キリクリームチーズ,18ｇX10,398,,,0
734,2012/12/2,0,60205,4901231901363,,キリクリームチーズ,18ｇX10,398,,,0
734,2012/11/29,0,60205,4902705102682,明治乳業,スライスチーズ,8枚入,178,,,0
734,2012/11/30,0,60205,4902705102682,明治乳業,スライスチーズ,8枚入,178,,,0
734,2012/12/1,0,60205,4902705102682,明治乳業,スライスチーズ,8枚入,178,,,0
734,2012/12/2,0,60205,4902705102682,明治乳業,スライスチーズ,8枚入,178,,,0
734,2012/11/29,0,60205,4902705102699,明治乳業,とろけるスライスチーズ,8枚入,178,,,0
734,2012/11/30,0,60205,4902705102699,明治乳業,とろけるスライスチーズ,8枚入,178,,,0
734,2012/12/1,0,60205,4902705102699,明治乳業,とろけるスライスチーズ,8枚入,178,,,0
734,2012/12/2,0,60205,4902705102699,明治乳業,とろけるスライスチーズ,8枚入,178,,,0
734,2012/11/29,0,60510,4976994200015,,ハーゲンダッツミニカップ 各種,1個,199,,,0
734,2012/11/30,0,60510,4976994200015,,ハーゲンダッツミニカップ 各種,1個,199,,,0
734,2012/12/1,0,60510,4976994200015,,ハーゲンダッツミニカップ 各種,1個,199,,,0
734,2012/12/2,0,60510,4976994200015,,ハーゲンダッツミニカップ 各種,1個,199,,,0
734,2012/11/29,0,70503,4901990044059,マルちゃん,焼きそば,3食入,158,,,0
734,2012/11/30,0,70503,4901990044059,マルちゃん,焼きそば,3食入,158,,,0
734,2012/12/1,0,70503,4901990044059,マルちゃん,焼きそば,3食入,158,,,0
734,2012/12/2,0,70503,4901990044059,マルちゃん,焼きそば,3食入,158,,,0
734,2012/11/29,0,80103,4902150105825,日本水産,紅さけ水煮,210ｇ,388,,旨缶フェア,0
734,2012/11/30,0,80103,4902150105825,日本水産,紅さけ水煮,210ｇ,388,,旨缶フェア,0
734,2012/12/1,0,80103,4902150105825,日本水産,紅さけ水煮,210ｇ,388,,旨缶フェア,0
734,2012/12/2,0,80103,4902150105825,日本水産,紅さけ水煮,210ｇ,388,,旨缶フェア,0
734,2012/11/29,0,80103,4902150106228,日本水産,ニッスイ紅ずわいがにほぐし身,110ｇ,378,,旨缶フェア,0
734,2012/11/30,0,80103,4902150106228,日本水産,ニッスイ紅ずわいがにほぐし身,110ｇ,378,,旨缶フェア,0
734,2012/12/1,0,80103,4902150106228,日本水産,ニッスイ紅ずわいがにほぐし身,110ｇ,378,,旨缶フェア,0
734,2012/12/2,0,80103,4902150106228,日本水産,ニッスイ紅ずわいがにほぐし身,110ｇ,378,,旨缶フェア,0
734,2012/11/29,0,80145,4901901299851,マルハニチロ,スーパースィートコーン,3缶パック,198,,旨缶フェア,0
734,2012/11/30,0,80145,4901901299851,マルハニチロ,スーパースィートコーン,3缶パック,198,,旨缶フェア,0
734,2012/12/1,0,80145,4901901299851,マルハニチロ,スーパースィートコーン,3缶パック,198,,旨缶フェア,0
734,2012/12/2,0,80145,4901901299851,マルハニチロ,スーパースィートコーン,3缶パック,198,,旨缶フェア,0
734,2012/11/29,0,80146,37600115445,ホーメル,減塩スパム,340ｇ,428,,旨缶フェア,0
734,2012/11/30,0,80146,37600115445,ホーメル,減塩スパム,340ｇ,428,,旨缶フェア,0
734,2012/12/1,0,80146,37600115445,ホーメル,減塩スパム,340ｇ,428,,旨缶フェア,0
734,2012/12/2,0,80146,37600115445,ホーメル,減塩スパム,340ｇ,428,,旨缶フェア,0
734,2012/11/29,0,80146,4902161610325,ノザキ,ノザキコンビーフ2缶シュリンク,100ｇｘ2,478,,旨缶フェア,0
734,2012/11/30,0,80146,4902161610325,ノザキ,ノザキコンビーフ2缶シュリンク,100ｇｘ2,478,,旨缶フェア,0
734,2012/12/1,0,80146,4902161610325,ノザキ,ノザキコンビーフ2缶シュリンク,100ｇｘ2,478,,旨缶フェア,0
734,2012/12/2,0,80146,4902161610325,ノザキ,ノザキコンビーフ2缶シュリンク,100ｇｘ2,478,,旨缶フェア,0
734,2012/11/29,0,80147,4901133585128,いなば,ﾗｲﾄﾂﾅｽﾊﾟｰﾉﾝｵｲﾙ4缶,80ｇｘ4缶,378,,旨缶フェア,0
734,2012/11/30,0,80147,4901133585128,いなば,ﾗｲﾄﾂﾅｽﾊﾟｰﾉﾝｵｲﾙ4缶,80ｇｘ4缶,378,,旨缶フェア,0
734,2012/12/1,0,80147,4901133585128,いなば,ﾗｲﾄﾂﾅｽﾊﾟｰﾉﾝｵｲﾙ4缶,80ｇｘ4缶,378,,旨缶フェア,0
734,2012/12/2,0,80147,4901133585128,いなば,ﾗｲﾄﾂﾅｽﾊﾟｰﾉﾝｵｲﾙ4缶,80ｇｘ4缶,378,,旨缶フェア,0
734,2012/11/29,0,80147,4901901240419,マルハニチロ,さばみそ煮　月花2缶パック,400ｇ,258,,旨缶フェア,0
734,2012/11/30,0,80147,4901901240419,マルハニチロ,さばみそ煮　月花2缶パック,400ｇ,258,,旨缶フェア,0
734,2012/12/1,0,80147,4901901240419,マルハニチロ,さばみそ煮　月花2缶パック,400ｇ,258,,旨缶フェア,0
734,2012/12/2,0,80147,4901901240419,マルハニチロ,さばみそ煮　月花2缶パック,400ｇ,258,,旨缶フェア,0
734,2012/11/29,0,80147,4901901240457,マルハニチロ,さば水煮　月花2缶パック,400ｇ,258,,旨缶フェア,0
734,2012/11/30,0,80147,4901901240457,マルハニチロ,さば水煮　月花2缶パック,400ｇ,258,,旨缶フェア,0
734,2012/12/1,0,80147,4901901240457,マルハニチロ,さば水煮　月花2缶パック,400ｇ,258,,旨缶フェア,0
734,2012/12/2,0,80147,4901901240457,マルハニチロ,さば水煮　月花2缶パック,400ｇ,258,,旨缶フェア,0
734,2012/11/29,0,80147,4901901295051,マルハニチロ,まるずわいほぐしみ,3缶パック,598,,旨缶フェア,0
734,2012/11/30,0,80147,4901901295051,マルハニチロ,まるずわいほぐしみ,3缶パック,598,,旨缶フェア,0
734,2012/12/1,0,80147,4901901295051,マルハニチロ,まるずわいほぐしみ,3缶パック,598,,旨缶フェア,0
734,2012/12/2,0,80147,4901901295051,マルハニチロ,まるずわいほぐしみ,3缶パック,598,,旨缶フェア,0
734,2012/11/29,0,80147,4902056012333,チョーシタ,チョーシタさんま蒲焼3缶パック,300ｇ,298,,旨缶フェア,0
734,2012/11/30,0,80147,4902056012333,チョーシタ,チョーシタさんま蒲焼3缶パック,300ｇ,298,,旨缶フェア,0
734,2012/12/1,0,80147,4902056012333,チョーシタ,チョーシタさんま蒲焼3缶パック,300ｇ,298,,旨缶フェア,0
734,2012/12/2,0,80147,4902056012333,チョーシタ,チョーシタさんま蒲焼3缶パック,300ｇ,298,,旨缶フェア,0
734,2012/11/29,0,80147,4902056012715,ちょうした,ちょうしたさんま蒲焼,100ｇ,98,,旨缶フェア,0
734,2012/11/30,0,80147,4902056012715,ちょうした,ちょうしたさんま蒲焼,100ｇ,98,,旨缶フェア,0
734,2012/12/1,0,80147,4902056012715,ちょうした,ちょうしたさんま蒲焼,100ｇ,98,,旨缶フェア,0
734,2012/12/2,0,80147,4902056012715,ちょうした,ちょうしたさんま蒲焼,100ｇ,98,,旨缶フェア,0
734,2012/11/29,0,80147,4902056022202,チョーシタ,いわし味付け生姜入り,100ｇ,98,,旨缶フェア,0
734,2012/11/30,0,80147,4902056022202,チョーシタ,いわし味付け生姜入り,100ｇ,98,,旨缶フェア,0
734,2012/12/1,0,80147,4902056022202,チョーシタ,いわし味付け生姜入り,100ｇ,98,,旨缶フェア,0
734,2012/12/2,0,80147,4902056022202,チョーシタ,いわし味付け生姜入り,100ｇ,98,,旨缶フェア,0
734,2012/11/29,0,80147,4902056031587,チョーシタ,チョーシタさば水煮,150ｇ,98,,旨缶フェア,0
734,2012/11/30,0,80147,4902056031587,チョーシタ,チョーシタさば水煮,150ｇ,98,,旨缶フェア,0
734,2012/12/1,0,80147,4902056031587,チョーシタ,チョーシタさば水煮,150ｇ,98,,旨缶フェア,0
734,2012/12/2,0,80147,4902056031587,チョーシタ,チョーシタさば水煮,150ｇ,98,,旨缶フェア,0
734,2012/11/29,0,80147,4902056051820,チョーシタ,新いか味付,135ｇ,98,,旨缶フェア,0
734,2012/11/30,0,80147,4902056051820,チョーシタ,新いか味付,135ｇ,98,,旨缶フェア,0
734,2012/12/1,0,80147,4902056051820,チョーシタ,新いか味付,135ｇ,98,,旨缶フェア,0
734,2012/12/2,0,80147,4902056051820,チョーシタ,新いか味付,135ｇ,98,,旨缶フェア,0
734,2012/11/29,0,80147,4902150012932,日本水産,オイルサーデン,110ｇ,298,,旨缶フェア,0
734,2012/11/30,0,80147,4902150012932,日本水産,オイルサーデン,110ｇ,298,,旨缶フェア,0
734,2012/12/1,0,80147,4902150012932,日本水産,オイルサーデン,110ｇ,298,,旨缶フェア,0
734,2012/12/2,0,80147,4902150012932,日本水産,オイルサーデン,110ｇ,298,,旨缶フェア,0
734,2012/11/29,0,80147,4902150111406,日本水産,貝柱ほぐし身3缶シュリンク,70ｇｘ3,498,,旨缶フェア,0
734,2012/11/30,0,80147,4902150111406,日本水産,貝柱ほぐし身3缶シュリンク,70ｇｘ3,498,,旨缶フェア,0
734,2012/12/1,0,80147,4902150111406,日本水産,貝柱ほぐし身3缶シュリンク,70ｇｘ3,498,,旨缶フェア,0
734,2012/12/2,0,80147,4902150111406,日本水産,貝柱ほぐし身3缶シュリンク,70ｇｘ3,498,,旨缶フェア,0
734,2012/11/29,0,80147,4902150112151,ニッスイ,帆立貝柱水煮,１３５ｇ,358,,旨缶フェア,0
734,2012/11/30,0,80147,4902150112151,ニッスイ,帆立貝柱水煮,１３５ｇ,358,,旨缶フェア,0
734,2012/12/1,0,80147,4902150112151,ニッスイ,帆立貝柱水煮,１３５ｇ,358,,旨缶フェア,0
734,2012/12/2,0,80147,4902150112151,ニッスイ,帆立貝柱水煮,１３５ｇ,358,,旨缶フェア,0
734,2012/11/29,0,80147,4902560012577,はごろも,はごろもｼｰﾁｷﾝLﾌﾚｰｸ4P,4缶,398,,旨缶フェア,0
734,2012/11/30,0,80147,4902560012577,はごろも,はごろもｼｰﾁｷﾝLﾌﾚｰｸ4P,4缶,398,,旨缶フェア,0
734,2012/12/1,0,80147,4902560012577,はごろも,はごろもｼｰﾁｷﾝLﾌﾚｰｸ4P,4缶,398,,旨缶フェア,0
734,2012/12/2,0,80147,4902560012577,はごろも,はごろもｼｰﾁｷﾝLﾌﾚｰｸ4P,4缶,398,,旨缶フェア,0
734,2012/11/29,0,80210,4901085026762,伊藤園,おーいお茶濃い味,500ｍｌ,78,,,0
734,2012/11/30,0,80210,4901085026762,伊藤園,おーいお茶濃い味,500ｍｌ,78,,,0
734,2012/12/1,0,80210,4901085026762,伊藤園,おーいお茶濃い味,500ｍｌ,78,,,0
734,2012/12/2,0,80210,4901085026762,伊藤園,おーいお茶濃い味,500ｍｌ,78,,,0
734,2012/11/29,0,80210,4901085050002,伊藤園,お〜いお茶緑茶,500ｍｌ,78,,,0
734,2012/11/30,0,80210,4901085050002,伊藤園,お〜いお茶緑茶,500ｍｌ,78,,,0
734,2012/12/1,0,80210,4901085050002,伊藤園,お〜いお茶緑茶,500ｍｌ,78,,,0
734,2012/12/2,0,80210,4901085050002,伊藤園,お〜いお茶緑茶,500ｍｌ,78,,,0
734,2012/11/29,0,80301,4902201161312,ネスレ,ネスレエアロミニ,25個,258,,258円均一セール,0
734,2012/11/30,0,80301,4902201161312,ネスレ,ネスレエアロミニ,25個,258,,258円均一セール,0
734,2012/12/1,0,80301,4902201161312,ネスレ,ネスレエアロミニ,25個,258,,258円均一セール,0
734,2012/12/2,0,80301,4902201161312,ネスレ,ネスレエアロミニ,25個,258,,258円均一セール,0
734,2012/11/29,0,80301,4902201163217,ネスレ,ネスレクランチミニ,22枚,258,,258円均一セール,0
734,2012/11/30,0,80301,4902201163217,ネスレ,ネスレクランチミニ,22枚,258,,258円均一セール,0
734,2012/12/1,0,80301,4902201163217,ネスレ,ネスレクランチミニ,22枚,258,,258円均一セール,0
734,2012/12/2,0,80301,4902201163217,ネスレ,ネスレクランチミニ,22枚,258,,258円均一セール,0
734,2012/11/29,0,80301,4903015343451,ナビスコ,オレオチョコレートバーミニ,12個,258,,258円均一セール,0
734,2012/11/30,0,80301,4903015343451,ナビスコ,オレオチョコレートバーミニ,12個,258,,258円均一セール,0
734,2012/12/1,0,80301,4903015343451,ナビスコ,オレオチョコレートバーミニ,12個,258,,258円均一セール,0
734,2012/12/2,0,80301,4903015343451,ナビスコ,オレオチョコレートバーミニ,12個,258,,258円均一セール,0
734,2012/11/29,0,80305,4903015343291,ナビスコ,オレオホワイトチョコレ−ト特濃ﾐﾙｸ,13個,258,,258円均一セール,0
734,2012/11/30,0,80305,4903015343291,ナビスコ,オレオホワイトチョコレ−ト特濃ﾐﾙｸ,13個,258,,258円均一セール,0
734,2012/12/1,0,80305,4903015343291,ナビスコ,オレオホワイトチョコレ−ト特濃ﾐﾙｸ,13個,258,,258円均一セール,0
734,2012/12/2,0,80305,4903015343291,ナビスコ,オレオホワイトチョコレ−ト特濃ﾐﾙｸ,13個,258,,258円均一セール,0
734,2012/11/29,0,80402,4972933120079,新潟県産,新米　コシヒカリ100％,5ｋｇ,2180,,,0
734,2012/11/30,0,80402,4972933120079,新潟県産,新米　コシヒカリ100％,5ｋｇ,2180,,,0
734,2012/12/1,0,80402,4972933120079,新潟県産,新米　コシヒカリ100％,5ｋｇ,2180,,,0
734,2012/12/2,0,80402,4972933120079,新潟県産,新米　コシヒカリ100％,5ｋｇ,2180,,,0
734,2012/11/29,0,80402,4972933122103,秋田県産,新米　あきたこまち100％,5ｋｇ,1980,,,0
734,2012/11/30,0,80402,4972933122103,秋田県産,新米　あきたこまち100％,5ｋｇ,1980,,,0
734,2012/12/1,0,80402,4972933122103,秋田県産,新米　あきたこまち100％,5ｋｇ,1980,,,0
734,2012/12/2,0,80402,4972933122103,秋田県産,新米　あきたこまち100％,5ｋｇ,1980,,,0
734,2012/11/30,0,10105,62,千葉産など国内産,大根,1本,98,,,0
734,2012/11/30,0,10208,223100200000,岐阜県などの国内産,富有柿,1個,98,,,0
734,2012/11/30,0,20101,230362100000,国産,特撰和牛小間切れ,300ｇ,880,,,0
734,2012/11/30,0,20104,232214100000,岩手県産など,豚ロースしゃぶしゃぶ用,100ｇ,158,,,0
734,2012/11/30,0,30101,218004000000,太平洋産,まぐろぶつ切,100ｇ,258,,,0
734,2012/11/30,0,40302,1052,国産,牛肉コロッケ,1個,100,,,0
734,2012/11/30,0,40504,289507000000,自家製,ぶり照り焼き弁当,１個,550,,,0
734,2012/11/30,0,40601,280802200000,,特上寿司,1パック,1080,,,0
734,2012/11/30,0,70204,4960755081784,三和豆水庵,丹精拵え絹生,1枚,98,,,0
734,2012/11/30,0,80137,49698176,日清,日清  シーフードヌードル,1食,108,,,0
734,2012/11/30,0,80137,49698626,日清食品,日清カップヌードルしょうゆ,77ｇ,108,,,0
734,2012/11/30,0,80137,49698640,日清食品,日清カップヌードルカレー,85ｇ,108,,,0
734,2012/11/30,0,80219,4901085009505,伊藤園,天然水ピュアウォーター,2.0Ｌ,66,６００本限り,,0
734,2012/12/1,0,10112,17,青森県などの国内産,長ねぎ,1束,98,,,0
734,2012/12/1,0,10201,383,青森県などの国内産,サンふじ,1個,98,,,0
734,2012/12/1,0,30105,254436400000,鹿児島産、他,ぶり切身,3切,480,,,0
734,2012/12/1,0,40399,289157600000,広島県産,カキフライ,１個,50,,,0
734,2012/12/1,0,40503,200050900000,自家製,餅つき,１個,80,１６時から青果売り場にて実演販売いたします。,,0
734,2012/12/1,0,40503,450406200007,手作り,お赤飯,１パック,258,,,0
734,2012/12/1,0,40601,280802200000,,バラちらし,１個,630,,,0
734,2012/11/30,0,50101,4901820161437,パスコ,超熟食パン,6枚,128,各種,,0
734,2012/11/30,0,50101,4901820162489,パスコ,超熟食パン,8枚,128,各種,,0
734,2012/12/1,0,60114,49721980,明治乳業,ﾌﾞﾙｶﾞﾘｱﾖｰｸﾞﾙﾄ各種,4パック,138,,,0
734,2012/12/1,0,70101,4902553004022,ふじっ子,ふじっ子煮豆・佃煮各種,よりどり2個,300,,よりどり2個300円,0
734,2012/12/1,0,80140,4901577000058,キューピー,キューピー  マヨネーズ,500ｇ,198,,,0
734,2012/12/1,0,80142,4901306010532,カゴメ,カゴメトマトケチャップ,500ｇ,158,,,0
734,2012/12/1,0,10104,212400100000,茨城県産,白菜,1/4カット,78,,,0
734,2012/12/2,0,10104,212400100000,茨城県産,白菜,1/4カット,78,,,0
734,2012/12/1,0,10105,213500200000,千葉県などの国内産,人参,１袋,98,,,0
734,2012/12/2,0,10105,213500200000,千葉県などの国内産,人参,１袋,98,,,0
734,2012/12/1,0,10108,4979754557176,長野県などの国内産,ぶなしめじ,200ｇ入1袋,98,,,0
734,2012/12/2,0,10108,4979754557176,長野県などの国内産,ぶなしめじ,200ｇ入1袋,98,,,0
734,2012/12/1,0,20101,230461100000,国産,特選和牛切落とし,250ｇ,1080,,鍋物フェア,0
734,2012/12/2,0,20101,230461100000,国産,特選和牛切落とし,250ｇ,1080,,鍋物フェア,0
734,2012/12/1,0,20104,232251100000,岩手県産など,豚バラうす切り,100ｇ,128,,鍋物フェア,0
734,2012/12/2,0,20104,232251100000,岩手県産など,豚バラうす切り,100ｇ,128,,鍋物フェア,0
734,2012/12/1,0,20104,233500100000,群馬県産,氷室　豚小間切れ,250ｇ,380,,鍋物フェア,0
734,2012/12/2,0,20104,233500100000,群馬県産,氷室　豚小間切れ,250ｇ,380,,鍋物フェア,0
734,2012/12/1,0,20105,232620100000,国産,若鶏ササミ,１００ｇ,68,,,0
734,2012/12/2,0,20105,232620100000,国産,若鶏ササミ,１００ｇ,68,,,0
734,2012/12/1,0,20105,232640100000,国産,若鶏手羽元,１００ｇ,68,,鍋物フェア,0
734,2012/12/2,0,20105,232640100000,国産,若鶏手羽元,１００ｇ,68,,鍋物フェア,0
734,2012/12/1,0,30105,250703500000,北海道産,生たら切身,100ｇ,258,,鍋物フェア,0
734,2012/12/2,0,30105,250703500000,北海道産,生たら切身,100ｇ,258,,鍋物フェア,0
734,2012/12/1,0,30104,250504200000,,お刺身盛合せ(本まぐろ入り),４点盛,980,,,0
734,2012/12/2,0,30104,250504200000,,お刺身盛合せ(本まぐろ入り),４点盛,980,,,0
734,2012/12/1,0,30109,253301900000,広島産,生カキ（加熱用）,100ｇ,258,,鍋物フェア,0
734,2012/12/2,0,30109,253301900000,広島産,生カキ（加熱用）,100ｇ,258,,鍋物フェア,0
734,2012/12/2,0,10108,215300100000,岩手県などの国内産,生椎茸（菌床栽培）,１パック,138,,,0
734,2012/12/2,0,10202,221900600000,広島県などの国内産,早生みかんSｻｲｽﾞ,10個入1ネット,298,,,0
734,2012/12/2,0,10202,221900800000,広島県などの国内産,早生みかんＭｻｲｽﾞ,8個入1ネット,298,,,0
734,2012/12/2,0,20101,201113600000,国産,和牛サーロインステーキ,100ｇ,580,,,0
734,2012/12/2,0,20103,231301100000,オーストラリア産,サーロインステーキ,100ｇ,298,,,0
734,2012/12/2,0,20104,232011100000,岩手県産など,豚ロース切身,100ｇ,158,,,0
734,2012/12/2,0,20105,232500100000,国産,若鶏モモ正肉,100ｇ,78,,,0
734,2012/12/2,0,30101,250100100000,太平洋産,バチまぐろ赤身,1さく,398,,,0
734,2012/12/2,0,30205,261800300000,チリ産,甘塩銀鮭切身,1切,88,,,0
734,2012/12/2,0,40302,1144,国産,アジフライ,1枚,80,,,0
734,2012/12/2,0,40599,294520000000,自家製,さけ丼,１個,398,,,0
734,2012/12/2,0,40601,280010300000,,極上寿司,1パック,1780,,,0
734,2012/12/2,0,60101,4901315100422,近藤乳業,湘南牛乳,1000ｍｌ,168,,,0
734,2012/12/2,0,60302,4972731106237,ゴールドエッグ,あかたまご,10個入,198,,,0
734,2012/12/2,0,70408,4902175120056,東海漬物,こくうまキムチ,1パック,258,,,0
734,2012/12/2,0,70701,4901160257333,タカノフーズ,おかめ納豆極小粒ミニ,3個,78,,,0
734,2012/12/2,0,80126,4973360236838,佐藤食品,サトウの切り餅ﾊﾟﾘﾂとｽﾘｯﾄ,1ｋｇ,698,,,0
734,2012/12/2,0,80130,4901515115172,キッコーマン,特選丸大豆しょうゆ,1L,298,,,0
734,2012/12/2,0,100399,4904040010967,日清紡,シャーワートイレ用トイレットペーパー（ダブル）,１２ロール,328,,,0
